Date1,State,Imported Cases,Local Cases,Total Cases,Date
1-Jun,Johor,0,431,431,1-Jun
1-Jun,Kedah,0,236,236,1-Jun
1-Jun,Kelantan,0,531,531,1-Jun
1-Jun,Melaka,0,249,249,1-Jun
1-Jun,Negeri Sembilan,0,397,397,1-Jun
1-Jun,Pahang,0,190,190,1-Jun
1-Jun,Perak,0,387,387,1-Jun
1-Jun,Perlis,0,0,0,1-Jun
1-Jun,Penang,0,400,400,1-Jun
1-Jun,Sabah,0,318,318,1-Jun
1-Jun,Sarawak,0,703,703,1-Jun
1-Jun,Selangor,2,2068,2070,1-Jun
1-Jun,Terengganu,0,198,198,1-Jun
1-Jun,Federal Territory of Kuala Lumpur,0,817,817,1-Jun
1-Jun,Federal Territory of Labuan,0,162,162,1-Jun
1-Jun,Federal Territory of Putrajaya,0,18,18,1-Jun
2-Jun,Johor,0,554,554,2-Jun
2-Jun,Kedah,0,283,283,2-Jun
2-Jun,Kelantan,0,541,541,2-Jun
2-Jun,Melaka,0,209,209,2-Jun
2-Jun,Negeri Sembilan,0,586,586,2-Jun
2-Jun,Pahang,0,237,237,2-Jun
2-Jun,Perak,0,224,224,2-Jun
2-Jun,Perlis,0,7,7,2-Jun
2-Jun,Penang,0,407,407,2-Jun
2-Jun,Sabah,0,254,254,2-Jun
2-Jun,Sarawak,0,588,588,2-Jun
2-Jun,Selangor,0,2728,2728,2-Jun
2-Jun,Terengganu,0,224,224,2-Jun
2-Jun,Federal Territory of Kuala Lumpur,2,701,703,2-Jun
2-Jun,Federal Territory of Labuan,0,159,159,2-Jun
2-Jun,Federal Territory of Putrajaya,0,1,1,2-Jun
3-Jun,Johor,55,752,807,3-Jun
3-Jun,Kedah,0,373,373,3-Jun
3-Jun,Kelantan,0,414,414,3-Jun
3-Jun,Melaka,0,322,322,3-Jun
3-Jun,Negeri Sembilan,0,576,576,3-Jun
3-Jun,Pahang,0,135,135,3-Jun
3-Jun,Perak,0,384,384,3-Jun
3-Jun,Perlis,0,5,5,3-Jun
3-Jun,Penang,0,303,303,3-Jun
3-Jun,Sabah,1,203,204,3-Jun
3-Jun,Sarawak,0,594,594,3-Jun
3-Jun,Selangor,2,3125,3127,3-Jun
3-Jun,Terengganu,0,127,127,3-Jun
3-Jun,Federal Territory of Kuala Lumpur,6,801,807,3-Jun
3-Jun,Federal Territory of Labuan,0,62,62,3-Jun
3-Jun,Federal Territory of Putrajaya,0,33,33,3-Jun
4-Jun,Johor,1,446,447,4-Jun
4-Jun,Kedah,0,263,263,4-Jun
4-Jun,Kelantan,0,286,286,4-Jun
4-Jun,Melaka,0,234,234,4-Jun
4-Jun,Negeri Sembilan,0,709,709,4-Jun
4-Jun,Pahang,0,146,146,4-Jun
4-Jun,Perak,0,371,371,4-Jun
4-Jun,Perlis,0,8,8,4-Jun
4-Jun,Penang,0,376,376,4-Jun
4-Jun,Sabah,0,287,287,4-Jun
4-Jun,Sarawak,0,706,706,4-Jun
4-Jun,Selangor,0,2612,2612,4-Jun
4-Jun,Terengganu,0,203,203,4-Jun
4-Jun,Federal Territory of Kuala Lumpur,1,851,852,4-Jun
4-Jun,Federal Territory of Labuan,0,230,230,4-Jun
4-Jun,Federal Territory of Putrajaya,0,20,20,4-Jun
5-Jun,Johor,0,412,412,5-Jun
5-Jun,Kedah,0,263,263,5-Jun
5-Jun,Kelantan,0,312,312,5-Jun
5-Jun,Melaka,0,206,206,5-Jun
5-Jun,Negeri Sembilan,0,843,843,5-Jun
5-Jun,Pahang,0,286,286,5-Jun
5-Jun,Perak,1,252,253,5-Jun
5-Jun,Perlis,0,4,4,5-Jun
5-Jun,Penang,0,370,370,5-Jun
5-Jun,Sabah,0,259,259,5-Jun
5-Jun,Sarawak,0,651,651,5-Jun
5-Jun,Selangor,2,2509,2511,5-Jun
5-Jun,Terengganu,0,190,190,5-Jun
5-Jun,Federal Territory of Kuala Lumpur,5,678,683,5-Jun
5-Jun,Federal Territory of Labuan,0,205,205,5-Jun
5-Jun,Federal Territory of Putrajaya,0,12,12,5-Jun
6-Jun,Johor,1,565,566,6-Jun
6-Jun,Kedah,0,125,125,6-Jun
6-Jun,Kelantan,0,270,270,6-Jun
6-Jun,Melaka,0,225,225,6-Jun
6-Jun,Negeri Sembilan,0,556,556,6-Jun
6-Jun,Pahang,0,155,155,6-Jun
6-Jun,Perak,0,174,174,6-Jun
6-Jun,Perlis,0,2,2,6-Jun
6-Jun,Penang,0,271,271,6-Jun
6-Jun,Sabah,0,305,305,6-Jun
6-Jun,Sarawak,1,600,601,6-Jun
6-Jun,Selangor,10,2178,2188,6-Jun
6-Jun,Terengganu,0,158,158,6-Jun
6-Jun,Federal Territory of Kuala Lumpur,1,415,416,6-Jun
6-Jun,Federal Territory of Labuan,1,212,213,6-Jun
6-Jun,Federal Territory of Putrajaya,0,30,30,6-Jun
7-Jun,Johor,0,355,355,7-Jun
7-Jun,Kedah,0,194,194,7-Jun
7-Jun,Kelantan,0,341,341,7-Jun
7-Jun,Melaka,0,178,178,7-Jun
7-Jun,Negeri Sembilan,0,571,571,7-Jun
7-Jun,Pahang,0,99,99,7-Jun
7-Jun,Perak,0,177,177,7-Jun
7-Jun,Perlis,0,1,1,7-Jun
7-Jun,Penang,0,153,153,7-Jun
7-Jun,Sabah,0,336,336,7-Jun
7-Jun,Sarawak,0,703,703,7-Jun
7-Jun,Selangor,0,1374,1374,7-Jun
7-Jun,Terengganu,0,117,117,7-Jun
7-Jun,Federal Territory of Kuala Lumpur,14,455,469,7-Jun
7-Jun,Federal Territory of Labuan,0,209,209,7-Jun
7-Jun,Federal Territory of Putrajaya,0,8,8,7-Jun
8-Jun,Johor,0,456,456,8-Jun
8-Jun,Kedah,0,148,148,8-Jun
8-Jun,Kelantan,0,204,204,8-Jun
8-Jun,Melaka,0,314,314,8-Jun
8-Jun,Negeri Sembilan,0,505,505,8-Jun
8-Jun,Pahang,0,157,157,8-Jun
8-Jun,Perak,0,225,225,8-Jun
8-Jun,Perlis,0,1,1,8-Jun
8-Jun,Penang,0,185,185,8-Jun
8-Jun,Sabah,0,350,350,8-Jun
8-Jun,Sarawak,0,707,707,8-Jun
8-Jun,Selangor,2,1524,1526,8-Jun
8-Jun,Terengganu,0,106,106,8-Jun
8-Jun,Federal Territory of Kuala Lumpur,2,466,468,8-Jun
8-Jun,Federal Territory of Labuan,0,191,191,8-Jun
8-Jun,Federal Territory of Putrajaya,0,27,27,8-Jun
9-Jun,Johor,1,468,469,9-Jun
9-Jun,Kedah,0,135,135,9-Jun
9-Jun,Kelantan,0,340,340,9-Jun
9-Jun,Melaka,0,150,150,9-Jun
9-Jun,Negeri Sembilan,4,507,511,9-Jun
9-Jun,Pahang,0,232,232,9-Jun
9-Jun,Perak,0,175,175,9-Jun
9-Jun,Perlis,0,4,4,9-Jun
9-Jun,Penang,0,194,194,9-Jun
9-Jun,Sabah,0,232,232,9-Jun
9-Jun,Sarawak,0,419,419,9-Jun
9-Jun,Selangor,3,2291,2294,9-Jun
9-Jun,Terengganu,0,171,171,9-Jun
9-Jun,Federal Territory of Kuala Lumpur,3,704,707,9-Jun
9-Jun,Federal Territory of Labuan,0,200,200,9-Jun
9-Jun,Federal Territory of Putrajaya,0,17,17,9-Jun
10-Jun,Johor,1,524,525,10-Jun
10-Jun,Kedah,0,309,309,10-Jun
10-Jun,Kelantan,0,262,262,10-Jun
10-Jun,Melaka,0,184,184,10-Jun
10-Jun,Negeri Sembilan,0,593,593,10-Jun
10-Jun,Pahang,0,112,112,10-Jun
10-Jun,Perak,0,143,143,10-Jun
10-Jun,Perlis,0,3,3,10-Jun
10-Jun,Penang,0,166,166,10-Jun
10-Jun,Sabah,0,233,233,10-Jun
10-Jun,Sarawak,0,631,631,10-Jun
10-Jun,Selangor,4,1510,1514,10-Jun
10-Jun,Terengganu,0,108,108,10-Jun
10-Jun,Federal Territory of Kuala Lumpur,3,769,772,10-Jun
10-Jun,Federal Territory of Labuan,0,106,106,10-Jun
10-Jun,Federal Territory of Putrajaya,0,18,18,10-Jun
11-Jun,Johor,0,426,426,11-Jun
11-Jun,Kedah,0,161,161,11-Jun
11-Jun,Kelantan,0,248,248,11-Jun
11-Jun,Melaka,0,170,170,11-Jun
11-Jun,Negeri Sembilan,0,685,685,11-Jun
11-Jun,Pahang,0,89,89,11-Jun
11-Jun,Perak,0,161,161,11-Jun
11-Jun,Perlis,0,2,2,11-Jun
11-Jun,Penang,0,205,205,11-Jun
11-Jun,Sabah,0,309,309,11-Jun
11-Jun,Sarawak,0,699,699,11-Jun
11-Jun,Selangor,4,2558,2562,11-Jun
11-Jun,Terengganu,0,66,66,11-Jun
11-Jun,Federal Territory of Kuala Lumpur,0,884,884,11-Jun
11-Jun,Federal Territory of Labuan,0,176,176,11-Jun
11-Jun,Federal Territory of Putrajaya,0,10,10,11-Jun
12-Jun,Johor,1,504,505,12-Jun
12-Jun,Kedah,0,171,171,12-Jun
12-Jun,Kelantan,0,337,337,12-Jun
12-Jun,Melaka,0,178,178,12-Jun
12-Jun,Negeri Sembilan,0,618,618,12-Jun
12-Jun,Pahang,0,121,121,12-Jun
12-Jun,Perak,0,218,218,12-Jun
12-Jun,Perlis,0,5,5,12-Jun
12-Jun,Penang,0,198,198,12-Jun
12-Jun,Sabah,0,378,378,12-Jun
12-Jun,Sarawak,0,569,569,12-Jun
12-Jun,Selangor,1,1582,1583,12-Jun
12-Jun,Terengganu,0,82,82,12-Jun
12-Jun,Federal Territory of Kuala Lumpur,4,559,563,12-Jun
12-Jun,Federal Territory of Labuan,0,250,250,12-Jun
12-Jun,Federal Territory of Putrajaya,0,23,23,12-Jun
13-Jun,Johor,0,363,363,13-Jun
13-Jun,Kedah,0,301,301,13-Jun
13-Jun,Kelantan,0,179,179,13-Jun
13-Jun,Melaka,0,145,145,13-Jun
13-Jun,Negeri Sembilan,0,331,331,13-Jun
13-Jun,Pahang,0,78,78,13-Jun
13-Jun,Perak,0,121,121,13-Jun
13-Jun,Perlis,0,5,5,13-Jun
13-Jun,Penang,0,256,256,13-Jun
13-Jun,Sabah,0,335,335,13-Jun
13-Jun,Sarawak,2,544,546,13-Jun
13-Jun,Selangor,1,1973,1974,13-Jun
13-Jun,Terengganu,0,46,46,13-Jun
13-Jun,Federal Territory of Kuala Lumpur,1,462,463,13-Jun
13-Jun,Federal Territory of Labuan,1,158,159,13-Jun
13-Jun,Federal Territory of Putrajaya,0,7,7,13-Jun
14-Jun,Johor,2,430,432,14-Jun
14-Jun,Kedah,0,199,199,14-Jun
14-Jun,Kelantan,0,214,214,14-Jun
14-Jun,Melaka,0,119,119,14-Jun
14-Jun,Negeri Sembilan,2,323,325,14-Jun
14-Jun,Pahang,0,61,61,14-Jun
14-Jun,Perak,0,136,136,14-Jun
14-Jun,Perlis,0,1,1,14-Jun
14-Jun,Penang,0,214,214,14-Jun
14-Jun,Sabah,0,273,273,14-Jun
14-Jun,Sarawak,0,744,744,14-Jun
14-Jun,Selangor,0,1523,1523,14-Jun
14-Jun,Terengganu,0,86,86,14-Jun
14-Jun,Federal Territory of Kuala Lumpur,2,503,505,14-Jun
14-Jun,Federal Territory of Labuan,0,113,113,14-Jun
14-Jun,Federal Territory of Putrajaya,0,10,10,14-Jun
15-Jun,Johor,0,366,366,15-Jun
15-Jun,Kedah,0,252,252,15-Jun
15-Jun,Kelantan,0,245,245,15-Jun
15-Jun,Melaka,0,155,155,15-Jun
15-Jun,Negeri Sembilan,0,396,396,15-Jun
15-Jun,Pahang,0,32,32,15-Jun
15-Jun,Perak,0,68,68,15-Jun
15-Jun,Perlis,0,1,1,15-Jun
15-Jun,Penang,0,124,124,15-Jun
15-Jun,Sabah,0,230,230,15-Jun
15-Jun,Sarawak,1,718,719,15-Jun
15-Jun,Selangor,2,1996,1998,15-Jun
15-Jun,Terengganu,0,43,43,15-Jun
15-Jun,Federal Territory of Kuala Lumpur,3,650,653,15-Jun
15-Jun,Federal Territory of Labuan,0,138,138,15-Jun
15-Jun,Federal Territory of Putrajaya,0,5,5,15-Jun
16-Jun,Johor,0,392,392,16-Jun
16-Jun,Kedah,0,228,228,16-Jun
16-Jun,Kelantan,0,230,230,16-Jun
16-Jun,Melaka,0,152,152,16-Jun
16-Jun,Negeri Sembilan,0,607,607,16-Jun
16-Jun,Pahang,0,57,57,16-Jun
16-Jun,Perak,0,66,66,16-Jun
16-Jun,Perlis,0,8,8,16-Jun
16-Jun,Penang,0,99,99,16-Jun
16-Jun,Sabah,0,184,184,16-Jun
16-Jun,Sarawak,0,570,570,16-Jun
16-Jun,Selangor,0,1914,1914,16-Jun
16-Jun,Terengganu,0,56,56,16-Jun
16-Jun,Federal Territory of Kuala Lumpur,3,480,483,16-Jun
16-Jun,Federal Territory of Labuan,0,101,101,16-Jun
16-Jun,Federal Territory of Putrajaya,0,6,6,16-Jun
17-Jun,Johor,0,449,449,17-Jun
17-Jun,Kedah,0,197,197,17-Jun
17-Jun,Kelantan,0,154,154,17-Jun
17-Jun,Melaka,0,184,184,17-Jun
17-Jun,Negeri Sembilan,0,1086,1086,17-Jun
17-Jun,Pahang,0,54,54,17-Jun
17-Jun,Perak,0,30,30,17-Jun
17-Jun,Perlis,0,0,0,17-Jun
17-Jun,Penang,0,97,97,17-Jun
17-Jun,Sabah,0,248,248,17-Jun
17-Jun,Sarawak,0,559,559,17-Jun
17-Jun,Selangor,1,1858,1859,17-Jun
17-Jun,Terengganu,0,77,77,17-Jun
17-Jun,Federal Territory of Kuala Lumpur,2,641,643,17-Jun
17-Jun,Federal Territory of Labuan,0,97,97,17-Jun
17-Jun,Federal Territory of Putrajaya,0,7,7,17-Jun
18-Jun,Johor,0,592,592,18-Jun
18-Jun,Kedah,0,159,159,18-Jun
18-Jun,Kelantan,0,200,200,18-Jun
18-Jun,Melaka,0,223,223,18-Jun
18-Jun,Negeri Sembilan,0,870,870,18-Jun
18-Jun,Pahang,0,79,79,18-Jun
18-Jun,Perak,0,357,357,18-Jun
18-Jun,Perlis,0,2,2,18-Jun
18-Jun,Penang,0,122,122,18-Jun
18-Jun,Sabah,0,199,199,18-Jun
18-Jun,Sarawak,0,536,536,18-Jun
18-Jun,Selangor,0,2095,2095,18-Jun
18-Jun,Terengganu,0,32,32,18-Jun
18-Jun,Federal Territory of Kuala Lumpur,5,816,821,18-Jun
18-Jun,Federal Territory of Labuan,0,152,152,18-Jun
18-Jun,Federal Territory of Putrajaya,0,6,6,18-Jun
19-Jun,Johor,0,498,498,19-Jun
19-Jun,Kedah,0,204,204,19-Jun
19-Jun,Kelantan,0,223,223,19-Jun
19-Jun,Melaka,0,134,134,19-Jun
19-Jun,Negeri Sembilan,0,770,770,19-Jun
19-Jun,Pahang,0,56,56,19-Jun
19-Jun,Perak,0,245,245,19-Jun
19-Jun,Perlis,0,0,0,19-Jun
19-Jun,Penang,0,167,167,19-Jun
19-Jun,Sabah,0,201,201,19-Jun
19-Jun,Sarawak,0,569,569,19-Jun
19-Jun,Selangor,1,2111,2112,19-Jun
19-Jun,Terengganu,0,62,62,19-Jun
19-Jun,Federal Territory of Kuala Lumpur,0,483,483,19-Jun
19-Jun,Federal Territory of Labuan,0,185,185,19-Jun
19-Jun,Federal Territory of Putrajaya,0,3,3,19-Jun
20-Jun,Johor,0,627,627,20-Jun
20-Jun,Kedah,0,170,170,20-Jun
20-Jun,Kelantan,0,167,167,20-Jun
20-Jun,Melaka,0,183,183,20-Jun
20-Jun,Negeri Sembilan,0,693,693,20-Jun
20-Jun,Pahang,0,77,77,20-Jun
20-Jun,Perak,0,205,205,20-Jun
20-Jun,Perlis,0,2,2,20-Jun
20-Jun,Penang,0,114,114,20-Jun
20-Jun,Sabah,0,163,163,20-Jun
20-Jun,Sarawak,3,661,664,20-Jun
20-Jun,Selangor,4,1680,1684,20-Jun
20-Jun,Terengganu,0,12,12,20-Jun
20-Jun,Federal Territory of Kuala Lumpur,0,379,379,20-Jun
20-Jun,Federal Territory of Labuan,0,156,156,20-Jun
20-Jun,Federal Territory of Putrajaya,0,4,4,20-Jun
21-Jun,Johor,6,314,320,21-Jun
21-Jun,Kedah,0,182,182,21-Jun
21-Jun,Kelantan,0,219,219,21-Jun
21-Jun,Melaka,0,205,205,21-Jun
21-Jun,Negeri Sembilan,0,437,437,21-Jun
21-Jun,Pahang,0,50,50,21-Jun
21-Jun,Perak,0,453,453,21-Jun
21-Jun,Perlis,0,0,0,21-Jun
21-Jun,Penang,0,84,84,21-Jun
21-Jun,Sabah,0,166,166,21-Jun
21-Jun,Sarawak,2,682,684,21-Jun
21-Jun,Selangor,0,1346,1346,21-Jun
21-Jun,Terengganu,0,18,18,21-Jun
21-Jun,Federal Territory of Kuala Lumpur,0,310,310,21-Jun
21-Jun,Federal Territory of Labuan,0,130,130,21-Jun
21-Jun,Federal Territory of Putrajaya,0,15,15,21-Jun
22-Jun,Johor,0,239,239,22-Jun
22-Jun,Kedah,0,142,142,22-Jun
22-Jun,Kelantan,0,165,165,22-Jun
22-Jun,Melaka,0,167,167,22-Jun
22-Jun,Negeri Sembilan,0,585,585,22-Jun
22-Jun,Pahang,0,131,131,22-Jun
22-Jun,Perak,0,68,68,22-Jun
22-Jun,Perlis,0,2,2,22-Jun
22-Jun,Penang,0,195,195,22-Jun
22-Jun,Sabah,0,193,193,22-Jun
22-Jun,Sarawak,0,507,507,22-Jun
22-Jun,Selangor,1,1566,1567,22-Jun
22-Jun,Terengganu,0,37,37,22-Jun
22-Jun,Federal Territory of Kuala Lumpur,1,635,636,22-Jun
22-Jun,Federal Territory of Labuan,0,104,104,22-Jun
22-Jun,Federal Territory of Putrajaya,0,7,7,22-Jun
23-Jun,Johor,1,282,283,23-Jun
23-Jun,Kedah,0,189,189,23-Jun
23-Jun,Kelantan,0,81,81,23-Jun
23-Jun,Melaka,0,180,180,23-Jun
23-Jun,Negeri Sembilan,0,677,677,23-Jun
23-Jun,Pahang,0,245,245,23-Jun
23-Jun,Perak,0,75,75,23-Jun
23-Jun,Perlis,0,1,1,23-Jun
23-Jun,Penang,0,159,159,23-Jun
23-Jun,Sabah,0,129,129,23-Jun
23-Jun,Sarawak,0,577,577,23-Jun
23-Jun,Selangor,6,2001,2007,23-Jun
23-Jun,Terengganu,0,27,27,23-Jun
23-Jun,Federal Territory of Kuala Lumpur,0,531,531,23-Jun
23-Jun,Federal Territory of Labuan,0,77,77,23-Jun
23-Jun,Federal Territory of Putrajaya,0,13,13,23-Jun
24-Jun,Johor,0,346,346,24-Jun
24-Jun,Kedah,0,271,271,24-Jun
24-Jun,Kelantan,0,135,135,24-Jun
24-Jun,Melaka,0,247,247,24-Jun
24-Jun,Negeri Sembilan,0,781,781,24-Jun
24-Jun,Pahang,0,162,162,24-Jun
24-Jun,Perak,0,120,120,24-Jun
24-Jun,Perlis,0,5,5,24-Jun
24-Jun,Penang,0,108,108,24-Jun
24-Jun,Sabah,0,203,203,24-Jun
24-Jun,Sarawak,0,581,581,24-Jun
24-Jun,Selangor,2,2072,2074,24-Jun
24-Jun,Terengganu,0,29,29,24-Jun
24-Jun,Federal Territory of Kuala Lumpur,6,552,558,24-Jun
24-Jun,Federal Territory of Labuan,0,212,212,24-Jun
24-Jun,Federal Territory of Putrajaya,0,17,17,24-Jun
25-Jun,Johor,0,196,196,25-Jun
25-Jun,Kedah,0,186,186,25-Jun
25-Jun,Kelantan,0,98,98,25-Jun
25-Jun,Melaka,0,223,223,25-Jun
25-Jun,Negeri Sembilan,0,658,658,25-Jun
25-Jun,Pahang,0,139,139,25-Jun
25-Jun,Perak,0,72,72,25-Jun
25-Jun,Perlis,0,0,0,25-Jun
25-Jun,Penang,0,270,270,25-Jun
25-Jun,Sabah,0,156,156,25-Jun
25-Jun,Sarawak,0,673,673,25-Jun
25-Jun,Selangor,21,2187,2208,25-Jun
25-Jun,Terengganu,0,46,46,25-Jun
25-Jun,Federal Territory of Kuala Lumpur,11,771,782,25-Jun
25-Jun,Federal Territory of Labuan,0,123,123,25-Jun
25-Jun,Federal Territory of Putrajaya,0,14,14,25-Jun
26-Jun,Johor,0,329,329,26-Jun
26-Jun,Kedah,0,186,186,26-Jun
26-Jun,Kelantan,0,103,103,26-Jun
26-Jun,Melaka,0,355,355,26-Jun
26-Jun,Negeri Sembilan,0,741,741,26-Jun
26-Jun,Pahang,0,220,220,26-Jun
26-Jun,Perak,0,137,137,26-Jun
26-Jun,Perlis,0,4,4,26-Jun
26-Jun,Penang,0,160,160,26-Jun
26-Jun,Sabah,0,189,189,26-Jun
26-Jun,Sarawak,1,491,492,26-Jun
26-Jun,Selangor,3,2108,2111,26-Jun
26-Jun,Terengganu,0,29,29,26-Jun
26-Jun,Federal Territory of Kuala Lumpur,6,628,634,26-Jun
26-Jun,Federal Territory of Labuan,0,99,99,26-Jun
26-Jun,Federal Territory of Putrajaya,0,24,24,26-Jun
27-Jun,Johor,0,312,312,27-Jun
27-Jun,Kedah,0,129,129,27-Jun
27-Jun,Kelantan,0,133,133,27-Jun
27-Jun,Melaka,0,380,380,27-Jun
27-Jun,Negeri Sembilan,0,501,501,27-Jun
27-Jun,Pahang,0,118,118,27-Jun
27-Jun,Perak,0,229,229,27-Jun
27-Jun,Perlis,0,0,0,27-Jun
27-Jun,Penang,0,138,138,27-Jun
27-Jun,Sabah,0,190,190,27-Jun
27-Jun,Sarawak,0,513,513,27-Jun
27-Jun,Selangor,1,2212,2213,27-Jun
27-Jun,Terengganu,0,16,16,27-Jun
27-Jun,Federal Territory of Kuala Lumpur,2,628,630,27-Jun
27-Jun,Federal Territory of Labuan,0,83,83,27-Jun
27-Jun,Federal Territory of Putrajaya,0,4,4,27-Jun
28-Jun,Johor,1,243,244,28-Jun
28-Jun,Kedah,0,194,194,28-Jun
28-Jun,Kelantan,0,101,101,28-Jun
28-Jun,Melaka,0,183,183,28-Jun
28-Jun,Negeri Sembilan,0,629,629,28-Jun
28-Jun,Pahang,2,111,113,28-Jun
28-Jun,Perak,0,400,400,28-Jun
28-Jun,Perlis,0,5,5,28-Jun
28-Jun,Penang,0,88,88,28-Jun
28-Jun,Sabah,0,258,258,28-Jun
28-Jun,Sarawak,4,409,413,28-Jun
28-Jun,Selangor,0,1989,1989,28-Jun
28-Jun,Terengganu,0,23,23,28-Jun
28-Jun,Federal Territory of Kuala Lumpur,0,469,469,28-Jun
28-Jun,Federal Territory of Labuan,0,108,108,28-Jun
28-Jun,Federal Territory of Putrajaya,0,8,8,28-Jun
29-Jun,Johor,0,271,271,29-Jun
29-Jun,Kedah,0,284,284,29-Jun
29-Jun,Kelantan,0,131,131,29-Jun
29-Jun,Melaka,0,252,252,29-Jun
29-Jun,Negeri Sembilan,0,700,700,29-Jun
29-Jun,Pahang,0,250,250,29-Jun
29-Jun,Perak,0,184,184,29-Jun
29-Jun,Perlis,0,0,0,29-Jun
29-Jun,Penang,0,115,115,29-Jun
29-Jun,Sabah,0,178,178,29-Jun
29-Jun,Sarawak,0,242,242,29-Jun
29-Jun,Selangor,12,2299,2311,29-Jun
29-Jun,Terengganu,0,21,21,29-Jun
29-Jun,Federal Territory of Kuala Lumpur,2,1361,1363,29-Jun
29-Jun,Federal Territory of Labuan,0,117,117,29-Jun
29-Jun,Federal Territory of Putrajaya,0,32,32,29-Jun
30-Jun,Johor,0,299,299,30-Jun
30-Jun,Kedah,0,226,226,30-Jun
30-Jun,Kelantan,0,159,159,30-Jun
30-Jun,Melaka,0,223,223,30-Jun
30-Jun,Negeri Sembilan,0,644,644,30-Jun
30-Jun,Pahang,0,210,210,30-Jun
30-Jun,Perak,0,137,137,30-Jun
30-Jun,Perlis,0,5,5,30-Jun
30-Jun,Penang,0,131,131,30-Jun
30-Jun,Sabah,0,242,242,30-Jun
30-Jun,Sarawak,0,376,376,30-Jun
30-Jun,Selangor,9,2836,2845,30-Jun
30-Jun,Terengganu,0,20,20,30-Jun
30-Jun,Federal Territory of Kuala Lumpur,7,625,632,30-Jun
30-Jun,Federal Territory of Labuan,0,132,132,30-Jun
30-Jun,Federal Territory of Putrajaya,0,11,11,30-Jun
1-Jul,Johor,1,270,271,1-Jul
1-Jul,Kedah,0,250,250,1-Jul
1-Jul,Kelantan,0,108,108,1-Jul
1-Jul,Melaka,0,311,311,1-Jul
1-Jul,Negeri Sembilan,0,692,692,1-Jul
1-Jul,Pahang,0,195,195,1-Jul
1-Jul,Perak,0,149,149,1-Jul
1-Jul,Perlis,0,1,1,1-Jul
1-Jul,Penang,0,174,174,1-Jul
1-Jul,Sabah,0,232,232,1-Jul
1-Jul,Sarawak,2,544,546,1-Jul
1-Jul,Selangor,2,2885,2887,1-Jul
1-Jul,Terengganu,0,50,50,1-Jul
1-Jul,Federal Territory of Kuala Lumpur,0,988,988,1-Jul
1-Jul,Federal Territory of Labuan,0,129,129,1-Jul
1-Jul,Federal Territory of Putrajaya,0,10,10,1-Jul
2-Jul,Johor,0,517,517,2-Jul
2-Jul,Kedah,0,257,257,2-Jul
2-Jul,Kelantan,0,129,129,2-Jul
2-Jul,Melaka,0,202,202,2-Jul
2-Jul,Negeri Sembilan,1,606,607,2-Jul
2-Jul,Pahang,0,329,329,2-Jul
2-Jul,Perak,0,182,182,2-Jul
2-Jul,Perlis,0,0,0,2-Jul
2-Jul,Penang,0,351,351,2-Jul
2-Jul,Sabah,0,230,230,2-Jul
2-Jul,Sarawak,0,440,440,2-Jul
2-Jul,Selangor,1,2907,2908,2-Jul
2-Jul,Terengganu,0,44,44,2-Jul
2-Jul,Federal Territory of Kuala Lumpur,1,637,638,2-Jul
2-Jul,Federal Territory of Labuan,0,131,131,2-Jul
2-Jul,Federal Territory of Putrajaya,0,20,20,2-Jul
3-Jul,Johor,2,414,416,3-Jul
3-Jul,Kedah,0,145,145,3-Jul
3-Jul,Kelantan,0,89,89,3-Jul
3-Jul,Melaka,0,345,345,3-Jul
3-Jul,Negeri Sembilan,0,699,699,3-Jul
3-Jul,Pahang,0,200,200,3-Jul
3-Jul,Perak,0,101,101,3-Jul
3-Jul,Perlis,0,2,2,3-Jul
3-Jul,Penang,0,142,142,3-Jul
3-Jul,Sabah,0,322,322,3-Jul
3-Jul,Sarawak,0,361,361,3-Jul
3-Jul,Selangor,2,3047,3049,3-Jul
3-Jul,Terengganu,0,51,51,3-Jul
3-Jul,Federal Territory of Kuala Lumpur,7,616,623,3-Jul
3-Jul,Federal Territory of Labuan,0,108,108,3-Jul
3-Jul,Federal Territory of Putrajaya,0,16,16,3-Jul
4-Jul,Johor,1,500,501,4-Jul
4-Jul,Kedah,0,332,332,4-Jul
4-Jul,Kelantan,0,124,124,4-Jul
4-Jul,Melaka,0,290,290,4-Jul
4-Jul,Negeri Sembilan,0,531,531,4-Jul
4-Jul,Pahang,0,95,95,4-Jul
4-Jul,Perak,0,384,384,4-Jul
4-Jul,Perlis,0,0,0,4-Jul
4-Jul,Penang,0,173,173,4-Jul
4-Jul,Sabah,0,228,228,4-Jul
4-Jul,Sarawak,0,365,365,4-Jul
4-Jul,Selangor,0,2262,2262,4-Jul
4-Jul,Terengganu,0,54,54,4-Jul
4-Jul,Federal Territory of Kuala Lumpur,19,616,635,4-Jul
4-Jul,Federal Territory of Labuan,0,75,75,4-Jul
4-Jul,Federal Territory of Putrajaya,0,16,16,4-Jul
5-Jul,Johor,1,324,325,5-Jul
5-Jul,Kedah,0,273,273,5-Jul
5-Jul,Kelantan,0,114,114,5-Jul
5-Jul,Melaka,0,206,206,5-Jul
5-Jul,Negeri Sembilan,0,523,523,5-Jul
5-Jul,Pahang,0,312,312,5-Jul
5-Jul,Perak,0,249,249,5-Jul
5-Jul,Perlis,0,0,0,5-Jul
5-Jul,Penang,2,157,159,5-Jul
5-Jul,Sabah,0,263,263,5-Jul
5-Jul,Sarawak,2,424,426,5-Jul
5-Jul,Selangor,2,2610,2612,5-Jul
5-Jul,Terengganu,0,17,17,5-Jul
5-Jul,Federal Territory of Kuala Lumpur,19,819,838,5-Jul
5-Jul,Federal Territory of Labuan,0,71,71,5-Jul
5-Jul,Federal Territory of Putrajaya,0,25,25,5-Jul
6-Jul,Johor,3,313,316,6-Jul
6-Jul,Kedah,0,337,337,6-Jul
6-Jul,Kelantan,0,118,118,6-Jul
6-Jul,Melaka,0,230,230,6-Jul
6-Jul,Negeri Sembilan,0,698,698,6-Jul
6-Jul,Pahang,0,180,180,6-Jul
6-Jul,Perak,0,94,94,6-Jul
6-Jul,Perlis,0,2,2,6-Jul
6-Jul,Penang,0,185,185,6-Jul
6-Jul,Sabah,0,225,225,6-Jul
6-Jul,Sarawak,0,286,286,6-Jul
6-Jul,Selangor,1,3260,3261,6-Jul
6-Jul,Terengganu,0,61,61,6-Jul
6-Jul,Federal Territory of Kuala Lumpur,7,1550,1557,6-Jul
6-Jul,Federal Territory of Labuan,0,82,82,6-Jul
6-Jul,Federal Territory of Putrajaya,0,33,33,6-Jul
7-Jul,Johor,0,224,224,7-Jul
7-Jul,Kedah,0,198,198,7-Jul
7-Jul,Kelantan,0,123,123,7-Jul
7-Jul,Melaka,0,358,358,7-Jul
7-Jul,Negeri Sembilan,0,788,788,7-Jul
7-Jul,Pahang,0,258,258,7-Jul
7-Jul,Perak,0,187,187,7-Jul
7-Jul,Perlis,0,2,2,7-Jul
7-Jul,Penang,0,140,140,7-Jul
7-Jul,Sabah,0,244,244,7-Jul
7-Jul,Sarawak,1,289,290,7-Jul
7-Jul,Selangor,5,3119,3124,7-Jul
7-Jul,Terengganu,0,43,43,7-Jul
7-Jul,Federal Territory of Kuala Lumpur,20,1005,1025,7-Jul
7-Jul,Federal Territory of Labuan,0,93,93,7-Jul
7-Jul,Federal Territory of Putrajaya,0,26,26,7-Jul
8-Jul,Johor,0,336,336,8-Jul
8-Jul,Kedah,0,360,360,8-Jul
8-Jul,Kelantan,0,135,135,8-Jul
8-Jul,Melaka,0,183,183,8-Jul
8-Jul,Negeri Sembilan,1,897,898,8-Jul
8-Jul,Pahang,0,152,152,8-Jul
8-Jul,Perak,0,543,543,8-Jul
8-Jul,Perlis,0,1,1,8-Jul
8-Jul,Penang,2,237,239,8-Jul
8-Jul,Sabah,0,279,279,8-Jul
8-Jul,Sarawak,2,281,283,8-Jul
8-Jul,Selangor,1,4152,4153,8-Jul
8-Jul,Terengganu,0,68,68,8-Jul
8-Jul,Federal Territory of Kuala Lumpur,4,1133,1137,8-Jul
8-Jul,Federal Territory of Labuan,0,64,64,8-Jul
8-Jul,Federal Territory of Putrajaya,0,47,47,8-Jul
9-Jul,Johor,2,315,317,9-Jul
9-Jul,Kedah,0,417,417,9-Jul
9-Jul,Kelantan,3,151,154,9-Jul
9-Jul,Melaka,0,222,222,9-Jul
9-Jul,Negeri Sembilan,0,899,899,9-Jul
9-Jul,Pahang,0,214,214,9-Jul
9-Jul,Perak,1,241,242,9-Jul
9-Jul,Perlis,0,1,1,9-Jul
9-Jul,Penang,0,142,142,9-Jul
9-Jul,Sabah,0,323,323,9-Jul
9-Jul,Sarawak,0,406,406,9-Jul
9-Jul,Selangor,1,4400,4401,9-Jul
9-Jul,Terengganu,0,82,82,9-Jul
9-Jul,Federal Territory of Kuala Lumpur,0,1271,1271,9-Jul
9-Jul,Federal Territory of Labuan,0,80,80,9-Jul
9-Jul,Federal Territory of Putrajaya,0,16,16,9-Jul
10-Jul,Johor,0,399,399,10-Jul
10-Jul,Kedah,0,364,364,10-Jul
10-Jul,Kelantan,0,89,89,10-Jul
10-Jul,Melaka,0,835,835,10-Jul
10-Jul,Negeri Sembilan,0,638,638,10-Jul
10-Jul,Pahang,0,247,247,10-Jul
10-Jul,Perak,0,145,145,10-Jul
10-Jul,Perlis,0,4,4,10-Jul
10-Jul,Penang,4,180,184,10-Jul
10-Jul,Sabah,0,251,251,10-Jul
10-Jul,Sarawak,0,352,352,10-Jul
10-Jul,Selangor,5,4277,4282,10-Jul
10-Jul,Terengganu,0,50,50,10-Jul
10-Jul,Federal Territory of Kuala Lumpur,2,1398,1400,10-Jul
10-Jul,Federal Territory of Labuan,0,85,85,10-Jul
10-Jul,Federal Territory of Putrajaya,0,39,39,10-Jul
11-Jul,Johor,0,392,392,11-Jul
11-Jul,Kedah,0,382,382,11-Jul
11-Jul,Kelantan,0,150,150,11-Jul
11-Jul,Melaka,0,278,278,11-Jul
11-Jul,Negeri Sembilan,0,541,541,11-Jul
11-Jul,Pahang,0,300,300,11-Jul
11-Jul,Perak,0,207,207,11-Jul
11-Jul,Perlis,0,1,1,11-Jul
11-Jul,Penang,0,243,243,11-Jul
11-Jul,Sabah,0,271,271,11-Jul
11-Jul,Sarawak,4,270,274,11-Jul
11-Jul,Selangor,0,4682,4682,11-Jul
11-Jul,Terengganu,0,38,38,11-Jul
11-Jul,Federal Territory of Kuala Lumpur,14,1247,1261,11-Jul
11-Jul,Federal Territory of Labuan,0,54,54,11-Jul
11-Jul,Federal Territory of Putrajaya,0,49,49,11-Jul
12-Jul,Johor,0,407,407,12-Jul
12-Jul,Kedah,0,415,415,12-Jul
12-Jul,Kelantan,0,133,133,12-Jul
12-Jul,Melaka,0,411,411,12-Jul
12-Jul,Negeri Sembilan,2,794,796,12-Jul
12-Jul,Pahang,0,314,314,12-Jul
12-Jul,Perak,0,168,168,12-Jul
12-Jul,Perlis,0,0,0,12-Jul
12-Jul,Penang,0,231,231,12-Jul
12-Jul,Sabah,0,298,298,12-Jul
12-Jul,Sarawak,0,235,235,12-Jul
12-Jul,Selangor,18,4308,4326,12-Jul
12-Jul,Terengganu,0,140,140,12-Jul
12-Jul,Federal Territory of Kuala Lumpur,20,609,629,12-Jul
12-Jul,Federal Territory of Labuan,0,66,66,12-Jul
12-Jul,Federal Territory of Putrajaya,0,45,45,12-Jul
13-Jul,Johor,0,406,406,13-Jul
13-Jul,Kedah,0,497,497,13-Jul
13-Jul,Kelantan,0,211,211,13-Jul
13-Jul,Melaka,0,323,323,13-Jul
13-Jul,Negeri Sembilan,2,1033,1035,13-Jul
13-Jul,Pahang,0,321,321,13-Jul
13-Jul,Perak,0,329,329,13-Jul
13-Jul,Perlis,0,0,0,13-Jul
13-Jul,Penang,2,234,236,13-Jul
13-Jul,Sabah,0,239,239,13-Jul
13-Jul,Sarawak,0,472,472,13-Jul
13-Jul,Selangor,6,5263,5269,13-Jul
13-Jul,Terengganu,0,93,93,13-Jul
13-Jul,Federal Territory of Kuala Lumpur,17,1521,1538,13-Jul
13-Jul,Federal Territory of Labuan,0,60,60,13-Jul
13-Jul,Federal Territory of Putrajaya,0,77,77,13-Jul
14-Jul,Johor,5,396,401,14-Jul
14-Jul,Kedah,0,504,504,14-Jul
14-Jul,Kelantan,0,236,236,14-Jul
14-Jul,Melaka,0,526,526,14-Jul
14-Jul,Negeri Sembilan,1,1537,1538,14-Jul
14-Jul,Pahang,0,400,400,14-Jul
14-Jul,Perak,0,164,164,14-Jul
14-Jul,Perlis,0,3,3,14-Jul
14-Jul,Penang,0,210,210,14-Jul
14-Jul,Sabah,1,286,287,14-Jul
14-Jul,Sarawak,0,289,289,14-Jul
14-Jul,Selangor,7,5051,5058,14-Jul
14-Jul,Terengganu,0,189,189,14-Jul
14-Jul,Federal Territory of Kuala Lumpur,12,1749,1761,14-Jul
14-Jul,Federal Territory of Labuan,0,38,38,14-Jul
14-Jul,Federal Territory of Putrajaya,0,40,40,14-Jul
15-Jul,Johor,0,599,599,15-Jul
15-Jul,Kedah,0,695,695,15-Jul
15-Jul,Kelantan,0,255,255,15-Jul
15-Jul,Melaka,0,484,484,15-Jul
15-Jul,Negeri Sembilan,1,1603,1604,15-Jul
15-Jul,Pahang,0,222,222,15-Jul
15-Jul,Perak,0,344,344,15-Jul
15-Jul,Perlis,0,3,3,15-Jul
15-Jul,Penang,0,509,509,15-Jul
15-Jul,Sabah,0,370,370,15-Jul
15-Jul,Sarawak,0,363,363,15-Jul
15-Jul,Selangor,7,6120,6127,15-Jul
15-Jul,Terengganu,0,70,70,15-Jul
15-Jul,Federal Territory of Kuala Lumpur,5,1499,1504,15-Jul
15-Jul,Federal Territory of Labuan,0,26,26,15-Jul
15-Jul,Federal Territory of Putrajaya,0,53,53,15-Jul
16-Jul,Johor,2,609,611,16-Jul
16-Jul,Kedah,0,458,458,16-Jul
16-Jul,Kelantan,0,225,225,16-Jul
16-Jul,Melaka,0,575,575,16-Jul
16-Jul,Negeri Sembilan,0,1619,1619,16-Jul
16-Jul,Pahang,0,382,382,16-Jul
16-Jul,Perak,0,299,299,16-Jul
16-Jul,Perlis,0,7,7,16-Jul
16-Jul,Penang,0,376,376,16-Jul
16-Jul,Sabah,0,326,326,16-Jul
16-Jul,Sarawak,0,423,423,16-Jul
16-Jul,Selangor,2,5512,5514,16-Jul
16-Jul,Terengganu,0,102,102,16-Jul
16-Jul,Federal Territory of Kuala Lumpur,12,1542,1554,16-Jul
16-Jul,Federal Territory of Labuan,0,24,24,16-Jul
16-Jul,Federal Territory of Putrajaya,0,62,62,16-Jul
17-Jul,Johor,0,625,625,17-Jul
17-Jul,Kedah,0,701,701,17-Jul
17-Jul,Kelantan,0,211,211,17-Jul
17-Jul,Melaka,0,569,569,17-Jul
17-Jul,Negeri Sembilan,0,1280,1280,17-Jul
17-Jul,Pahang,0,317,317,17-Jul
17-Jul,Perak,0,428,428,17-Jul
17-Jul,Perlis,0,1,1,17-Jul
17-Jul,Penang,0,396,396,17-Jul
17-Jul,Sabah,0,647,647,17-Jul
17-Jul,Sarawak,0,388,388,17-Jul
17-Jul,Selangor,4,4985,4989,17-Jul
17-Jul,Terengganu,0,177,177,17-Jul
17-Jul,Federal Territory of Kuala Lumpur,15,1740,1755,17-Jul
17-Jul,Federal Territory of Labuan,0,22,22,17-Jul
17-Jul,Federal Territory of Putrajaya,0,41,41,17-Jul
18-Jul,Johor,1,808,809,18-Jul
18-Jul,Kedah,0,696,696,18-Jul
18-Jul,Kelantan,0,146,146,18-Jul
18-Jul,Melaka,0,289,289,18-Jul
18-Jul,Negeri Sembilan,0,771,771,18-Jul
18-Jul,Pahang,0,369,369,18-Jul
18-Jul,Perak,0,407,407,18-Jul
18-Jul,Perlis,0,5,5,18-Jul
18-Jul,Penang,0,295,295,18-Jul
18-Jul,Sabah,0,666,666,18-Jul
18-Jul,Sarawak,0,261,261,18-Jul
18-Jul,Selangor,2,4828,4830,18-Jul
18-Jul,Terengganu,0,123,123,18-Jul
18-Jul,Federal Territory of Kuala Lumpur,9,945,954,18-Jul
18-Jul,Federal Territory of Labuan,0,50,50,18-Jul
18-Jul,Federal Territory of Putrajaya,0,51,51,18-Jul
19-Jul,Johor,4,876,880,19-Jul
19-Jul,Kedah,0,705,705,19-Jul
19-Jul,Kelantan,0,170,170,19-Jul
19-Jul,Melaka,0,474,474,19-Jul
19-Jul,Negeri Sembilan,0,1340,1340,19-Jul
19-Jul,Pahang,0,475,475,19-Jul
19-Jul,Perak,0,324,324,19-Jul
19-Jul,Perlis,0,1,1,19-Jul
19-Jul,Penang,0,426,426,19-Jul
19-Jul,Sabah,0,651,651,19-Jul
19-Jul,Sarawak,0,301,301,19-Jul
19-Jul,Selangor,40,4404,4444,19-Jul
19-Jul,Terengganu,0,144,144,19-Jul
19-Jul,Federal Territory of Kuala Lumpur,4,609,613,19-Jul
19-Jul,Federal Territory of Labuan,0,24,24,19-Jul
19-Jul,Federal Territory of Putrajaya,0,48,48,19-Jul
20-Jul,Johor,0,793,793,20-Jul
20-Jul,Kedah,0,701,701,20-Jul
20-Jul,Kelantan,0,179,179,20-Jul
20-Jul,Melaka,0,309,309,20-Jul
20-Jul,Negeri Sembilan,0,970,970,20-Jul
20-Jul,Pahang,0,288,288,20-Jul
20-Jul,Perak,0,295,295,20-Jul
20-Jul,Perlis,0,2,2,20-Jul
20-Jul,Penang,0,460,460,20-Jul
20-Jul,Sabah,0,657,657,20-Jul
20-Jul,Sarawak,0,351,351,20-Jul
20-Jul,Selangor,4,5524,5528,20-Jul
20-Jul,Terengganu,0,190,190,20-Jul
20-Jul,Federal Territory of Kuala Lumpur,4,1580,1584,20-Jul
20-Jul,Federal Territory of Labuan,0,17,17,20-Jul
20-Jul,Federal Territory of Putrajaya,0,50,50,20-Jul
21-Jul,Johor,2,644,646,21-Jul
21-Jul,Kedah,0,800,800,21-Jul
21-Jul,Kelantan,0,386,386,21-Jul
21-Jul,Melaka,0,453,453,21-Jul
21-Jul,Negeri Sembilan,0,745,745,21-Jul
21-Jul,Pahang,0,603,603,21-Jul
21-Jul,Perak,0,274,274,21-Jul
21-Jul,Perlis,0,2,2,21-Jul
21-Jul,Penang,0,362,362,21-Jul
21-Jul,Sabah,0,474,474,21-Jul
21-Jul,Sarawak,0,261,261,21-Jul
21-Jul,Selangor,3,5550,5553,21-Jul
21-Jul,Terengganu,0,171,171,21-Jul
21-Jul,Federal Territory of Kuala Lumpur,2,1174,1176,21-Jul
21-Jul,Federal Territory of Labuan,0,35,35,21-Jul
21-Jul,Federal Territory of Putrajaya,0,51,51,21-Jul
22-Jul,Johor,4,791,795,22-Jul
22-Jul,Kedah,0,701,701,22-Jul
22-Jul,Kelantan,0,240,240,22-Jul
22-Jul,Melaka,0,353,353,22-Jul
22-Jul,Negeri Sembilan,5,711,716,22-Jul
22-Jul,Pahang,0,261,261,22-Jul
22-Jul,Perak,0,284,284,22-Jul
22-Jul,Perlis,0,6,6,22-Jul
22-Jul,Penang,0,371,371,22-Jul
22-Jul,Sabah,0,497,497,22-Jul
22-Jul,Sarawak,1,644,645,22-Jul
22-Jul,Selangor,7,6049,6056,22-Jul
22-Jul,Terengganu,0,391,391,22-Jul
22-Jul,Federal Territory of Kuala Lumpur,8,1611,1619,22-Jul
22-Jul,Federal Territory of Labuan,0,24,24,22-Jul
22-Jul,Federal Territory of Putrajaya,0,100,100,22-Jul
23-Jul,Johor,1,722,723,23-Jul
23-Jul,Kedah,0,937,937,23-Jul
23-Jul,Kelantan,0,372,372,23-Jul
23-Jul,Melaka,0,452,452,23-Jul
23-Jul,Negeri Sembilan,0,682,682,23-Jul
23-Jul,Pahang,9,457,466,23-Jul
23-Jul,Perak,0,415,415,23-Jul
23-Jul,Perlis,0,3,3,23-Jul
23-Jul,Penang,0,530,530,23-Jul
23-Jul,Sabah,0,516,516,23-Jul
23-Jul,Sarawak,0,461,461,23-Jul
23-Jul,Selangor,10,7672,7682,23-Jul
23-Jul,Terengganu,0,229,229,23-Jul
23-Jul,Federal Territory of Kuala Lumpur,12,2063,2075,23-Jul
23-Jul,Federal Territory of Labuan,0,21,21,23-Jul
23-Jul,Federal Territory of Putrajaya,0,41,41,23-Jul
24-Jul,Johor,8,804,812,24-Jul
24-Jul,Kedah,0,867,867,24-Jul
24-Jul,Kelantan,0,502,502,24-Jul
24-Jul,Melaka,0,631,631,24-Jul
24-Jul,Negeri Sembilan,0,625,625,24-Jul
24-Jul,Pahang,0,406,406,24-Jul
24-Jul,Perak,0,469,469,24-Jul
24-Jul,Perlis,0,7,7,24-Jul
24-Jul,Penang,0,505,505,24-Jul
24-Jul,Sabah,0,712,712,24-Jul
24-Jul,Sarawak,0,261,261,24-Jul
24-Jul,Selangor,3,7351,7354,24-Jul
24-Jul,Terengganu,0,267,267,24-Jul
24-Jul,Federal Territory of Kuala Lumpur,15,2406,2421,24-Jul
24-Jul,Federal Territory of Labuan,0,30,30,24-Jul
24-Jul,Federal Territory of Putrajaya,0,59,59,24-Jul
25-Jul,Johor,0,950,950,25-Jul
25-Jul,Kedah,0,1216,1216,25-Jul
25-Jul,Kelantan,0,266,266,25-Jul
25-Jul,Melaka,0,370,370,25-Jul
25-Jul,Negeri Sembilan,0,513,513,25-Jul
25-Jul,Pahang,0,424,424,25-Jul
25-Jul,Perak,0,609,609,25-Jul
25-Jul,Perlis,0,10,10,25-Jul
25-Jul,Penang,0,573,573,25-Jul
25-Jul,Sabah,0,818,818,25-Jul
25-Jul,Sarawak,0,407,407,25-Jul
25-Jul,Selangor,1,8500,8501,25-Jul
25-Jul,Terengganu,0,273,273,25-Jul
25-Jul,Federal Territory of Kuala Lumpur,5,2045,2050,25-Jul
25-Jul,Federal Territory of Labuan,0,21,21,25-Jul
25-Jul,Federal Territory of Putrajaya,0,50,50,25-Jul
26-Jul,Johor,0,1449,1449,26-Jul
26-Jul,Kedah,1,1160,1161,26-Jul
26-Jul,Kelantan,0,346,346,26-Jul
26-Jul,Melaka,0,373,373,26-Jul
26-Jul,Negeri Sembilan,0,452,452,26-Jul
26-Jul,Pahang,0,386,386,26-Jul
26-Jul,Perak,0,590,590,26-Jul
26-Jul,Perlis,0,2,2,26-Jul
26-Jul,Penang,0,402,402,26-Jul
26-Jul,Sabah,0,720,720,26-Jul
26-Jul,Sarawak,1,356,357,26-Jul
26-Jul,Selangor,1,6508,6509,26-Jul
26-Jul,Terengganu,0,245,245,26-Jul
26-Jul,Federal Territory of Kuala Lumpur,0,1425,1425,26-Jul
26-Jul,Federal Territory of Labuan,0,8,8,26-Jul
26-Jul,Federal Territory of Putrajaya,0,94,94,26-Jul
27-Jul,Johor,1,907,908,27-Jul
27-Jul,Kedah,0,1000,1000,27-Jul
27-Jul,Kelantan,0,592,592,27-Jul
27-Jul,Melaka,0,674,674,27-Jul
27-Jul,Negeri Sembilan,1,669,670,27-Jul
27-Jul,Pahang,0,403,403,27-Jul
27-Jul,Perak,0,583,583,27-Jul
27-Jul,Perlis,0,2,2,27-Jul
27-Jul,Penang,0,618,618,27-Jul
27-Jul,Sabah,0,741,741,27-Jul
27-Jul,Sarawak,1,405,406,27-Jul
27-Jul,Selangor,3,6616,6619,27-Jul
27-Jul,Terengganu,0,317,317,27-Jul
27-Jul,Federal Territory of Kuala Lumpur,20,2457,2477,27-Jul
27-Jul,Federal Territory of Labuan,0,11,11,27-Jul
27-Jul,Federal Territory of Putrajaya,0,122,122,27-Jul
28-Jul,Johor,0,767,767,28-Jul
28-Jul,Kedah,0,1112,1112,28-Jul
28-Jul,Kelantan,0,532,532,28-Jul
28-Jul,Melaka,0,531,531,28-Jul
28-Jul,Negeri Sembilan,0,863,863,28-Jul
28-Jul,Pahang,0,429,429,28-Jul
28-Jul,Perak,0,406,406,28-Jul
28-Jul,Perlis,0,3,3,28-Jul
28-Jul,Penang,0,760,760,28-Jul
28-Jul,Sabah,0,913,913,28-Jul
28-Jul,Sarawak,0,464,464,28-Jul
28-Jul,Selangor,2,7171,7173,28-Jul
28-Jul,Terengganu,0,490,490,28-Jul
28-Jul,Federal Territory of Kuala Lumpur,4,2880,2884,28-Jul
28-Jul,Federal Territory of Labuan,0,16,16,28-Jul
28-Jul,Federal Territory of Putrajaya,0,68,68,28-Jul
29-Jul,Johor,8,1054,1062,29-Jul
29-Jul,Kedah,0,1212,1212,29-Jul
29-Jul,Kelantan,0,615,615,29-Jul
29-Jul,Melaka,0,416,416,29-Jul
29-Jul,Negeri Sembilan,2,884,886,29-Jul
29-Jul,Pahang,0,638,638,29-Jul
29-Jul,Perak,0,596,596,29-Jul
29-Jul,Perlis,0,10,10,29-Jul
29-Jul,Penang,0,554,554,29-Jul
29-Jul,Sabah,0,776,776,29-Jul
29-Jul,Sarawak,0,582,582,29-Jul
29-Jul,Selangor,3,7163,7166,29-Jul
29-Jul,Terengganu,0,437,437,29-Jul
29-Jul,Federal Territory of Kuala Lumpur,19,2138,2157,29-Jul
29-Jul,Federal Territory of Labuan,0,11,11,29-Jul
29-Jul,Federal Territory of Putrajaya,0,84,84,29-Jul
30-Jul,Johor,1,1104,1105,30-Jul
30-Jul,Kedah,0,1281,1281,30-Jul
30-Jul,Kelantan,0,656,656,30-Jul
30-Jul,Melaka,0,581,581,30-Jul
30-Jul,Negeri Sembilan,0,1079,1079,30-Jul
30-Jul,Pahang,0,540,540,30-Jul
30-Jul,Perak,0,810,810,30-Jul
30-Jul,Perlis,0,13,13,30-Jul
30-Jul,Penang,0,689,689,30-Jul
30-Jul,Sabah,0,1066,1066,30-Jul
30-Jul,Sarawak,0,450,450,30-Jul
30-Jul,Selangor,14,6092,6106,30-Jul
30-Jul,Terengganu,0,258,258,30-Jul
30-Jul,Federal Territory of Kuala Lumpur,2,2114,2116,30-Jul
30-Jul,Federal Territory of Labuan,0,7,7,30-Jul
30-Jul,Federal Territory of Putrajaya,0,100,100,30-Jul
31-Jul,Johor,0,1144,1144,31-Jul
31-Jul,Kedah,0,1389,1389,31-Jul
31-Jul,Kelantan,0,580,580,31-Jul
31-Jul,Melaka,0,697,697,31-Jul
31-Jul,Negeri Sembilan,0,929,929,31-Jul
31-Jul,Pahang,0,653,653,31-Jul
31-Jul,Perak,0,775,775,31-Jul
31-Jul,Perlis,0,16,16,31-Jul
31-Jul,Penang,0,713,713,31-Jul
31-Jul,Sabah,0,1035,1035,31-Jul
31-Jul,Sarawak,0,485,485,31-Jul
31-Jul,Selangor,9,6400,6409,31-Jul
31-Jul,Terengganu,0,883,883,31-Jul
31-Jul,Federal Territory of Kuala Lumpur,0,1962,1962,31-Jul
31-Jul,Federal Territory of Labuan,0,9,9,31-Jul
31-Jul,Federal Territory of Putrajaya,0,116,116,31-Jul
1-Aug,Johor,0,1045,1045,1-Aug
1-Aug,Kedah,0,1511,1511,1-Aug
1-Aug,Kelantan,0,459,459,1-Aug
1-Aug,Melaka,0,686,686,1-Aug
1-Aug,Negeri Sembilan,0,809,809,1-Aug
1-Aug,Pahang,0,676,676,1-Aug
1-Aug,Perak,0,693,693,1-Aug
1-Aug,Perlis,0,21,21,1-Aug
1-Aug,Penang,0,752,752,1-Aug
1-Aug,Sabah,0,1002,1002,1-Aug
1-Aug,Sarawak,0,578,578,1-Aug
1-Aug,Selangor,0,6326,6326,1-Aug
1-Aug,Terengganu,0,429,429,1-Aug
1-Aug,Federal Territory of Kuala Lumpur,1,2086,2087,1-Aug
1-Aug,Federal Territory of Labuan,0,5,5,1-Aug
1-Aug,Federal Territory of Putrajaya,0,72,72,1-Aug
2-Aug,Johor,1,1222,1223,2-Aug
2-Aug,Kedah,0,1108,1108,2-Aug
2-Aug,Kelantan,0,552,552,2-Aug
2-Aug,Melaka,0,463,463,2-Aug
2-Aug,Negeri Sembilan,0,862,862,2-Aug
2-Aug,Pahang,0,475,475,2-Aug
2-Aug,Perak,0,748,748,2-Aug
2-Aug,Perlis,0,9,9,2-Aug
2-Aug,Penang,0,667,667,2-Aug
2-Aug,Sabah,0,1166,1166,2-Aug
2-Aug,Sarawak,1,411,412,2-Aug
2-Aug,Selangor,2,6067,6069,2-Aug
2-Aug,Terengganu,0,425,425,2-Aug
2-Aug,Federal Territory of Kuala Lumpur,2,1536,1538,2-Aug
2-Aug,Federal Territory of Labuan,0,7,7,2-Aug
2-Aug,Federal Territory of Putrajaya,0,46,46,2-Aug
3-Aug,Johor,0,1275,1275,3-Aug
3-Aug,Kedah,0,1036,1036,3-Aug
3-Aug,Kelantan,1,915,916,3-Aug
3-Aug,Melaka,0,508,508,3-Aug
3-Aug,Negeri Sembilan,3,816,819,3-Aug
3-Aug,Pahang,1,628,629,3-Aug
3-Aug,Perak,1,967,968,3-Aug
3-Aug,Perlis,0,7,7,3-Aug
3-Aug,Penang,0,798,798,3-Aug
3-Aug,Sabah,0,1010,1010,3-Aug
3-Aug,Sarawak,0,494,494,3-Aug
3-Aug,Selangor,2,5836,5838,3-Aug
3-Aug,Terengganu,0,429,429,3-Aug
3-Aug,Federal Territory of Kuala Lumpur,29,2309,2338,3-Aug
3-Aug,Federal Territory of Labuan,0,5,5,3-Aug
3-Aug,Federal Territory of Putrajaya,0,72,72,3-Aug
4-Aug,Johor,1,1162,1163,4-Aug
4-Aug,Kedah,0,1371,1371,4-Aug
4-Aug,Kelantan,0,1003,1003,4-Aug
4-Aug,Melaka,0,508,508,4-Aug
4-Aug,Negeri Sembilan,0,800,800,4-Aug
4-Aug,Pahang,0,558,558,4-Aug
4-Aug,Perak,0,662,662,4-Aug
4-Aug,Perlis,0,11,11,4-Aug
4-Aug,Penang,0,867,867,4-Aug
4-Aug,Sabah,0,949,949,4-Aug
4-Aug,Sarawak,0,552,552,4-Aug
4-Aug,Selangor,2,8377,8379,4-Aug
4-Aug,Terengganu,0,481,481,4-Aug
4-Aug,Federal Territory of Kuala Lumpur,18,2467,2485,4-Aug
4-Aug,Federal Territory of Labuan,1,5,6,4-Aug
4-Aug,Federal Territory of Putrajaya,1,46,47,4-Aug
5-Aug,Johor,13,1300,1313,5-Aug
5-Aug,Kedah,0,1446,1446,5-Aug
5-Aug,Kelantan,0,772,772,5-Aug
5-Aug,Melaka,0,622,622,5-Aug
5-Aug,Negeri Sembilan,0,989,989,5-Aug
5-Aug,Pahang,0,426,426,5-Aug
5-Aug,Perak,1,916,917,5-Aug
5-Aug,Perlis,0,4,4,5-Aug
5-Aug,Penang,0,1022,1022,5-Aug
5-Aug,Sabah,0,1062,1062,5-Aug
5-Aug,Sarawak,4,759,763,5-Aug
5-Aug,Selangor,5,8549,8554,5-Aug
5-Aug,Terengganu,0,501,501,5-Aug
5-Aug,Federal Territory of Kuala Lumpur,11,2163,2174,5-Aug
5-Aug,Federal Territory of Labuan,0,15,15,5-Aug
5-Aug,Federal Territory of Putrajaya,0,50,50,5-Aug
6-Aug,Johor,0,1275,1275,6-Aug
6-Aug,Kedah,0,1371,1371,6-Aug
6-Aug,Kelantan,0,938,938,6-Aug
6-Aug,Melaka,0,491,491,6-Aug
6-Aug,Negeri Sembilan,0,986,986,6-Aug
6-Aug,Pahang,0,610,610,6-Aug
6-Aug,Perak,0,624,624,6-Aug
6-Aug,Perlis,0,9,9,6-Aug
6-Aug,Penang,0,776,776,6-Aug
6-Aug,Sabah,0,1291,1291,6-Aug
6-Aug,Sarawak,0,652,652,6-Aug
6-Aug,Selangor,3,8792,8795,6-Aug
6-Aug,Terengganu,0,460,460,6-Aug
6-Aug,Federal Territory of Kuala Lumpur,10,2483,2493,6-Aug
6-Aug,Federal Territory of Labuan,0,9,9,6-Aug
6-Aug,Federal Territory of Putrajaya,0,122,122,6-Aug
7-Aug,Johor,0,1182,1182,7-Aug
7-Aug,Kedah,0,1514,1514,7-Aug
7-Aug,Kelantan,0,930,930,7-Aug
7-Aug,Melaka,0,414,414,7-Aug
7-Aug,Negeri Sembilan,0,884,884,7-Aug
7-Aug,Pahang,0,714,714,7-Aug
7-Aug,Perak,0,774,774,7-Aug
7-Aug,Perlis,0,41,41,7-Aug
7-Aug,Penang,0,959,959,7-Aug
7-Aug,Sabah,0,1255,1255,7-Aug
7-Aug,Sarawak,0,573,573,7-Aug
7-Aug,Selangor,1,7084,7085,7-Aug
7-Aug,Terengganu,0,425,425,7-Aug
7-Aug,Federal Territory of Kuala Lumpur,15,2450,2465,7-Aug
7-Aug,Federal Territory of Labuan,0,2,2,7-Aug
7-Aug,Federal Territory of Putrajaya,0,56,56,7-Aug
8-Aug,Johor,1,1308,1309,8-Aug
8-Aug,Kedah,0,1610,1610,8-Aug
8-Aug,Kelantan,0,870,870,8-Aug
8-Aug,Melaka,0,526,526,8-Aug
8-Aug,Negeri Sembilan,0,1140,1140,8-Aug
8-Aug,Pahang,0,602,602,8-Aug
8-Aug,Perak,0,861,861,8-Aug
8-Aug,Perlis,0,6,6,8-Aug
8-Aug,Penang,0,694,694,8-Aug
8-Aug,Sabah,0,1379,1379,8-Aug
8-Aug,Sarawak,3,581,584,8-Aug
8-Aug,Selangor,0,6565,6565,8-Aug
8-Aug,Terengganu,0,598,598,8-Aug
8-Aug,Federal Territory of Kuala Lumpur,6,1883,1889,8-Aug
8-Aug,Federal Territory of Labuan,0,2,2,8-Aug
8-Aug,Federal Territory of Putrajaya,0,63,63,8-Aug
9-Aug,Johor,1,1232,1233,9-Aug
9-Aug,Kedah,0,1328,1328,9-Aug
9-Aug,Kelantan,0,914,914,9-Aug
9-Aug,Melaka,0,360,360,9-Aug
9-Aug,Negeri Sembilan,0,1215,1215,9-Aug
9-Aug,Pahang,0,604,604,9-Aug
9-Aug,Perak,0,935,935,9-Aug
9-Aug,Perlis,0,22,22,9-Aug
9-Aug,Penang,0,908,908,9-Aug
9-Aug,Sabah,0,1247,1247,9-Aug
9-Aug,Sarawak,0,589,589,9-Aug
9-Aug,Selangor,28,5740,5768,9-Aug
9-Aug,Terengganu,0,501,501,9-Aug
9-Aug,Federal Territory of Kuala Lumpur,0,1567,1567,9-Aug
9-Aug,Federal Territory of Labuan,0,8,8,9-Aug
9-Aug,Federal Territory of Putrajaya,0,66,66,9-Aug
10-Aug,Johor,0,1344,1344,10-Aug
10-Aug,Kedah,0,1830,1830,10-Aug
10-Aug,Kelantan,0,1030,1030,10-Aug
10-Aug,Melaka,0,578,578,10-Aug
10-Aug,Negeri Sembilan,0,564,564,10-Aug
10-Aug,Pahang,0,539,539,10-Aug
10-Aug,Perak,0,953,953,10-Aug
10-Aug,Perlis,0,24,24,10-Aug
10-Aug,Penang,0,743,743,10-Aug
10-Aug,Sabah,0,1383,1383,10-Aug
10-Aug,Sarawak,0,836,836,10-Aug
10-Aug,Selangor,0,7338,7338,10-Aug
10-Aug,Terengganu,0,378,378,10-Aug
10-Aug,Federal Territory of Kuala Lumpur,0,2374,2374,10-Aug
10-Aug,Federal Territory of Labuan,0,1,1,10-Aug
10-Aug,Federal Territory of Putrajaya,0,76,76,10-Aug
11-Aug,Johor,0,1693,1693,11-Aug
11-Aug,Kedah,0,1534,1534,11-Aug
11-Aug,Kelantan,0,1284,1284,11-Aug
11-Aug,Melaka,0,636,636,11-Aug
11-Aug,Negeri Sembilan,0,1015,1015,11-Aug
11-Aug,Pahang,0,585,585,11-Aug
11-Aug,Perak,0,828,828,11-Aug
11-Aug,Perlis,0,29,29,11-Aug
11-Aug,Penang,0,1385,1385,11-Aug
11-Aug,Sabah,0,1514,1514,11-Aug
11-Aug,Sarawak,1,634,635,11-Aug
11-Aug,Selangor,11,6921,6932,11-Aug
11-Aug,Terengganu,0,613,613,11-Aug
11-Aug,Federal Territory of Kuala Lumpur,3,2065,2068,11-Aug
11-Aug,Federal Territory of Labuan,0,3,3,11-Aug
11-Aug,Federal Territory of Putrajaya,0,41,41,11-Aug
12-Aug,Johor,0,1706,1706,12-Aug
12-Aug,Kedah,0,2143,2143,12-Aug
12-Aug,Kelantan,0,972,972,12-Aug
12-Aug,Melaka,0,494,494,12-Aug
12-Aug,Negeri Sembilan,1,899,900,12-Aug
12-Aug,Pahang,0,629,629,12-Aug
12-Aug,Perak,0,930,930,12-Aug
12-Aug,Perlis,0,23,23,12-Aug
12-Aug,Penang,0,1229,1229,12-Aug
12-Aug,Sabah,0,2052,2052,12-Aug
12-Aug,Sarawak,0,1216,1216,12-Aug
12-Aug,Selangor,2,6278,6280,12-Aug
12-Aug,Terengganu,0,594,594,12-Aug
12-Aug,Federal Territory of Kuala Lumpur,55,2436,2491,12-Aug
12-Aug,Federal Territory of Labuan,0,11,11,12-Aug
12-Aug,Federal Territory of Putrajaya,0,56,56,12-Aug
13-Aug,Johor,1,1485,1486,13-Aug
13-Aug,Kedah,0,1807,1807,13-Aug
13-Aug,Kelantan,0,1088,1088,13-Aug
13-Aug,Melaka,1,723,724,13-Aug
13-Aug,Negeri Sembilan,2,974,976,13-Aug
13-Aug,Pahang,0,572,572,13-Aug
13-Aug,Perak,1,940,941,13-Aug
13-Aug,Perlis,0,50,50,13-Aug
13-Aug,Penang,0,1316,1316,13-Aug
13-Aug,Sabah,0,1654,1654,13-Aug
13-Aug,Sarawak,0,715,715,13-Aug
13-Aug,Selangor,2,7449,7451,13-Aug
13-Aug,Terengganu,0,440,440,13-Aug
13-Aug,Federal Territory of Kuala Lumpur,18,2183,2201,13-Aug
13-Aug,Federal Territory of Labuan,0,6,6,13-Aug
13-Aug,Federal Territory of Putrajaya,0,66,66,13-Aug
14-Aug,Johor,0,1425,1425,14-Aug
14-Aug,Kedah,0,1796,1796,14-Aug
14-Aug,Kelantan,0,1370,1370,14-Aug
14-Aug,Melaka,0,521,521,14-Aug
14-Aug,Negeri Sembilan,0,727,727,14-Aug
14-Aug,Pahang,0,794,794,14-Aug
14-Aug,Perak,1,1003,1004,14-Aug
14-Aug,Perlis,0,61,61,14-Aug
14-Aug,Penang,0,1251,1251,14-Aug
14-Aug,Sabah,0,1752,1752,14-Aug
14-Aug,Sarawak,1,725,726,14-Aug
14-Aug,Selangor,5,6606,6611,14-Aug
14-Aug,Terengganu,0,560,560,14-Aug
14-Aug,Federal Territory of Kuala Lumpur,1,2028,2029,14-Aug
14-Aug,Federal Territory of Labuan,0,0,0,14-Aug
14-Aug,Federal Territory of Putrajaya,0,51,51,14-Aug
15-Aug,Johor,0,1508,1508,15-Aug
15-Aug,Kedah,0,1596,1596,15-Aug
15-Aug,Kelantan,0,1025,1025,15-Aug
15-Aug,Melaka,0,631,631,15-Aug
15-Aug,Negeri Sembilan,0,698,698,15-Aug
15-Aug,Pahang,6,926,932,15-Aug
15-Aug,Perak,0,1069,1069,15-Aug
15-Aug,Perlis,0,21,21,15-Aug
15-Aug,Penang,0,1111,1111,15-Aug
15-Aug,Sabah,0,1665,1665,15-Aug
15-Aug,Sarawak,2,963,965,15-Aug
15-Aug,Selangor,3,7307,7310,15-Aug
15-Aug,Terengganu,0,534,534,15-Aug
15-Aug,Federal Territory of Kuala Lumpur,3,1442,1445,15-Aug
15-Aug,Federal Territory of Labuan,0,3,3,15-Aug
15-Aug,Federal Territory of Putrajaya,0,47,47,15-Aug
16-Aug,Johor,0,1510,1510,16-Aug
16-Aug,Kedah,0,1592,1592,16-Aug
16-Aug,Kelantan,0,1227,1227,16-Aug
16-Aug,Melaka,0,1120,1120,16-Aug
16-Aug,Negeri Sembilan,0,343,343,16-Aug
16-Aug,Pahang,0,646,646,16-Aug
16-Aug,Perak,0,938,938,16-Aug
16-Aug,Perlis,0,20,20,16-Aug
16-Aug,Penang,1,1251,1252,16-Aug
16-Aug,Sabah,0,1728,1728,16-Aug
16-Aug,Sarawak,2,1566,1568,16-Aug
16-Aug,Selangor,15,5706,5721,16-Aug
16-Aug,Terengganu,0,688,688,16-Aug
16-Aug,Federal Territory of Kuala Lumpur,1,1360,1361,16-Aug
16-Aug,Federal Territory of Labuan,0,2,2,16-Aug
16-Aug,Federal Territory of Putrajaya,0,43,43,16-Aug
17-Aug,Johor,0,1309,1309,17-Aug
17-Aug,Kedah,0,1863,1863,17-Aug
17-Aug,Kelantan,0,1268,1268,17-Aug
17-Aug,Melaka,0,623,623,17-Aug
17-Aug,Negeri Sembilan,0,490,490,17-Aug
17-Aug,Pahang,0,670,670,17-Aug
17-Aug,Perak,0,1101,1101,17-Aug
17-Aug,Perlis,0,37,37,17-Aug
17-Aug,Penang,0,1275,1275,17-Aug
17-Aug,Sabah,0,2103,2103,17-Aug
17-Aug,Sarawak,0,835,835,17-Aug
17-Aug,Selangor,2,5753,5755,17-Aug
17-Aug,Terengganu,0,498,498,17-Aug
17-Aug,Federal Territory of Kuala Lumpur,5,1765,1770,17-Aug
17-Aug,Federal Territory of Labuan,0,0,0,17-Aug
17-Aug,Federal Territory of Putrajaya,0,41,41,17-Aug
18-Aug,Johor,0,1477,1477,18-Aug
18-Aug,Kedah,0,1852,1852,18-Aug
18-Aug,Kelantan,0,1351,1351,18-Aug
18-Aug,Melaka,0,579,579,18-Aug
18-Aug,Negeri Sembilan,0,577,577,18-Aug
18-Aug,Pahang,0,675,675,18-Aug
18-Aug,Perak,0,1036,1036,18-Aug
18-Aug,Perlis,0,50,50,18-Aug
18-Aug,Penang,0,1867,1867,18-Aug
18-Aug,Sabah,0,2413,2413,18-Aug
18-Aug,Sarawak,0,1403,1403,18-Aug
18-Aug,Selangor,4,6858,6862,18-Aug
18-Aug,Terengganu,0,487,487,18-Aug
18-Aug,Federal Territory of Kuala Lumpur,0,1587,1587,18-Aug
18-Aug,Federal Territory of Labuan,0,5,5,18-Aug
18-Aug,Federal Territory of Putrajaya,0,25,25,18-Aug
19-Aug,Johor,0,1526,1526,19-Aug
19-Aug,Kedah,0,2137,2137,19-Aug
19-Aug,Kelantan,0,1271,1271,19-Aug
19-Aug,Melaka,0,737,737,19-Aug
19-Aug,Negeri Sembilan,0,556,556,19-Aug
19-Aug,Pahang,0,736,736,19-Aug
19-Aug,Perak,0,1229,1229,19-Aug
19-Aug,Perlis,0,42,42,19-Aug
19-Aug,Penang,3,1655,1658,19-Aug
19-Aug,Sabah,0,2583,2583,19-Aug
19-Aug,Sarawak,1,1206,1207,19-Aug
19-Aug,Selangor,0,7175,7175,19-Aug
19-Aug,Terengganu,0,621,621,19-Aug
19-Aug,Federal Territory of Kuala Lumpur,5,1439,1444,19-Aug
19-Aug,Federal Territory of Labuan,0,9,9,19-Aug
19-Aug,Federal Territory of Putrajaya,0,26,26,19-Aug
20-Aug,Johor,0,1323,1323,20-Aug
20-Aug,Kedah,0,1932,1932,20-Aug
20-Aug,Kelantan,0,1281,1281,20-Aug
20-Aug,Melaka,0,610,610,20-Aug
20-Aug,Negeri Sembilan,0,608,608,20-Aug
20-Aug,Pahang,0,517,517,20-Aug
20-Aug,Perak,0,1248,1248,20-Aug
20-Aug,Perlis,0,64,64,20-Aug
20-Aug,Penang,0,1523,1523,20-Aug
20-Aug,Sabah,0,2738,2738,20-Aug
20-Aug,Sarawak,3,2548,2551,20-Aug
20-Aug,Selangor,2,6974,6976,20-Aug
20-Aug,Terengganu,0,521,521,20-Aug
20-Aug,Federal Territory of Kuala Lumpur,18,1652,1670,20-Aug
20-Aug,Federal Territory of Labuan,0,1,1,20-Aug
20-Aug,Federal Territory of Putrajaya,0,24,24,20-Aug
21-Aug,Johor,1,1558,1559,21-Aug
21-Aug,Kedah,0,1880,1880,21-Aug
21-Aug,Kelantan,0,1039,1039,21-Aug
21-Aug,Melaka,0,882,882,21-Aug
21-Aug,Negeri Sembilan,0,405,405,21-Aug
21-Aug,Pahang,0,664,664,21-Aug
21-Aug,Perak,0,946,946,21-Aug
21-Aug,Perlis,0,38,38,21-Aug
21-Aug,Penang,0,1459,1459,21-Aug
21-Aug,Sabah,0,2651,2651,21-Aug
21-Aug,Sarawak,0,1964,1964,21-Aug
21-Aug,Selangor,2,7011,7013,21-Aug
21-Aug,Terengganu,37,495,532,21-Aug
21-Aug,Federal Territory of Kuala Lumpur,0,1220,1220,21-Aug
21-Aug,Federal Territory of Labuan,0,9,9,21-Aug
21-Aug,Federal Territory of Putrajaya,0,41,41,21-Aug
22-Aug,Johor,0,1391,1391,22-Aug
22-Aug,Kedah,0,1948,1948,22-Aug
22-Aug,Kelantan,0,1196,1196,22-Aug
22-Aug,Melaka,0,558,558,22-Aug
22-Aug,Negeri Sembilan,0,508,508,22-Aug
22-Aug,Pahang,0,598,598,22-Aug
22-Aug,Perak,0,703,703,22-Aug
22-Aug,Perlis,0,54,54,22-Aug
22-Aug,Penang,0,1501,1501,22-Aug
22-Aug,Sabah,0,2638,2638,22-Aug
22-Aug,Sarawak,1,1772,1773,22-Aug
22-Aug,Selangor,2,5379,5381,22-Aug
22-Aug,Terengganu,0,534,534,22-Aug
22-Aug,Federal Territory of Kuala Lumpur,2,999,1001,22-Aug
22-Aug,Federal Territory of Labuan,0,4,4,22-Aug
22-Aug,Federal Territory of Putrajaya,0,24,24,22-Aug
23-Aug,Johor,1,1367,1368,23-Aug
23-Aug,Kedah,0,1602,1602,23-Aug
23-Aug,Kelantan,0,1176,1176,23-Aug
23-Aug,Melaka,0,363,363,23-Aug
23-Aug,Negeri Sembilan,0,478,478,23-Aug
23-Aug,Pahang,0,506,506,23-Aug
23-Aug,Perak,0,952,952,23-Aug
23-Aug,Perlis,0,57,57,23-Aug
23-Aug,Penang,0,1451,1451,23-Aug
23-Aug,Sabah,0,2474,2474,23-Aug
23-Aug,Sarawak,4,1538,1542,23-Aug
23-Aug,Selangor,0,4316,4316,23-Aug
23-Aug,Terengganu,0,470,470,23-Aug
23-Aug,Federal Territory of Kuala Lumpur,3,891,894,23-Aug
23-Aug,Federal Territory of Labuan,0,7,7,23-Aug
23-Aug,Federal Territory of Putrajaya,0,24,24,23-Aug
24-Aug,Johor,0,1743,1743,24-Aug
24-Aug,Kedah,0,1772,1772,24-Aug
24-Aug,Kelantan,0,1422,1422,24-Aug
24-Aug,Melaka,0,396,396,24-Aug
24-Aug,Negeri Sembilan,4,351,355,24-Aug
24-Aug,Pahang,0,521,521,24-Aug
24-Aug,Perak,0,1242,1242,24-Aug
24-Aug,Perlis,0,74,74,24-Aug
24-Aug,Penang,0,2054,2054,24-Aug
24-Aug,Sabah,0,3376,3376,24-Aug
24-Aug,Sarawak,0,1543,1543,24-Aug
24-Aug,Selangor,14,4645,4659,24-Aug
24-Aug,Terengganu,0,383,383,24-Aug
24-Aug,Federal Territory of Kuala Lumpur,4,1284,1288,24-Aug
24-Aug,Federal Territory of Labuan,0,4,4,24-Aug
24-Aug,Federal Territory of Putrajaya,0,27,27,24-Aug
25-Aug,Johor,0,1832,1832,25-Aug
25-Aug,Kedah,0,2279,2279,25-Aug
25-Aug,Kelantan,0,1424,1424,25-Aug
25-Aug,Melaka,0,342,342,25-Aug
25-Aug,Negeri Sembilan,0,269,269,25-Aug
25-Aug,Pahang,0,522,522,25-Aug
25-Aug,Perak,0,1390,1390,25-Aug
25-Aug,Perlis,0,44,44,25-Aug
25-Aug,Penang,0,1427,1427,25-Aug
25-Aug,Sabah,1,3224,3225,25-Aug
25-Aug,Sarawak,0,1667,1667,25-Aug
25-Aug,Selangor,4,6325,6329,25-Aug
25-Aug,Terengganu,0,744,744,25-Aug
25-Aug,Federal Territory of Kuala Lumpur,0,1128,1128,25-Aug
25-Aug,Federal Territory of Labuan,0,4,4,25-Aug
25-Aug,Federal Territory of Putrajaya,0,21,21,25-Aug
26-Aug,Johor,0,2785,2785,26-Aug
26-Aug,Kedah,0,1538,1538,26-Aug
26-Aug,Kelantan,0,1312,1312,26-Aug
26-Aug,Melaka,1,515,516,26-Aug
26-Aug,Negeri Sembilan,0,526,526,26-Aug
26-Aug,Pahang,0,690,690,26-Aug
26-Aug,Perak,0,1170,1170,26-Aug
26-Aug,Perlis,0,67,67,26-Aug
26-Aug,Penang,0,2078,2078,26-Aug
26-Aug,Sabah,0,3487,3487,26-Aug
26-Aug,Sarawak,0,2024,2024,26-Aug
26-Aug,Selangor,0,6936,6936,26-Aug
26-Aug,Terengganu,0,567,567,26-Aug
26-Aug,Federal Territory of Kuala Lumpur,7,881,888,26-Aug
26-Aug,Federal Territory of Labuan,0,3,3,26-Aug
26-Aug,Federal Territory of Putrajaya,0,20,20,26-Aug
27-Aug,Johor,3,1809,1812,27-Aug
27-Aug,Kedah,0,2072,2072,27-Aug
27-Aug,Kelantan,0,1051,1051,27-Aug
27-Aug,Melaka,0,589,589,27-Aug
27-Aug,Negeri Sembilan,2,338,340,27-Aug
27-Aug,Pahang,0,610,610,27-Aug
27-Aug,Perak,0,939,939,27-Aug
27-Aug,Perlis,0,76,76,27-Aug
27-Aug,Penang,0,1829,1829,27-Aug
27-Aug,Sabah,0,3010,3010,27-Aug
27-Aug,Sarawak,0,2224,2224,27-Aug
27-Aug,Selangor,1,5920,5921,27-Aug
27-Aug,Terengganu,0,488,488,27-Aug
27-Aug,Federal Territory of Kuala Lumpur,9,1068,1077,27-Aug
27-Aug,Federal Territory of Labuan,0,8,8,27-Aug
27-Aug,Federal Territory of Putrajaya,0,39,39,27-Aug
28-Aug,Johor,1,1896,1897,28-Aug
28-Aug,Kedah,0,2162,2162,28-Aug
28-Aug,Kelantan,0,1289,1289,28-Aug
28-Aug,Melaka,0,269,269,28-Aug
28-Aug,Negeri Sembilan,0,345,345,28-Aug
28-Aug,Pahang,0,579,579,28-Aug
28-Aug,Perak,0,1061,1061,28-Aug
28-Aug,Perlis,0,98,98,28-Aug
28-Aug,Penang,0,1920,1920,28-Aug
28-Aug,Sabah,0,2834,2834,28-Aug
28-Aug,Sarawak,2,2427,2429,28-Aug
28-Aug,Selangor,3,5814,5817,28-Aug
28-Aug,Terengganu,0,739,739,28-Aug
28-Aug,Federal Territory of Kuala Lumpur,6,1111,1117,28-Aug
28-Aug,Federal Territory of Labuan,0,5,5,28-Aug
28-Aug,Federal Territory of Putrajaya,0,48,48,28-Aug
29-Aug,Johor,0,1852,1852,29-Aug
29-Aug,Kedah,0,1755,1755,29-Aug
29-Aug,Kelantan,0,1316,1316,29-Aug
29-Aug,Melaka,0,636,636,29-Aug
29-Aug,Negeri Sembilan,0,329,329,29-Aug
29-Aug,Pahang,0,839,839,29-Aug
29-Aug,Perak,0,1208,1208,29-Aug
29-Aug,Perlis,0,56,56,29-Aug
29-Aug,Penang,0,1378,1378,29-Aug
29-Aug,Sabah,1,2578,2579,29-Aug
29-Aug,Sarawak,0,2522,2522,29-Aug
29-Aug,Selangor,0,4591,4591,29-Aug
29-Aug,Terengganu,0,789,789,29-Aug
29-Aug,Federal Territory of Kuala Lumpur,5,680,685,29-Aug
29-Aug,Federal Territory of Labuan,1,2,3,29-Aug
29-Aug,Federal Territory of Putrajaya,0,48,48,29-Aug
30-Aug,Johor,0,2265,2265,30-Aug
30-Aug,Kedah,0,2084,2084,30-Aug
30-Aug,Kelantan,0,1308,1308,30-Aug
30-Aug,Melaka,0,395,395,30-Aug
30-Aug,Negeri Sembilan,0,269,269,30-Aug
30-Aug,Pahang,0,788,788,30-Aug
30-Aug,Perak,0,1144,1144,30-Aug
30-Aug,Perlis,0,71,71,30-Aug
30-Aug,Penang,3,1780,1783,30-Aug
30-Aug,Sabah,0,2310,2310,30-Aug
30-Aug,Sarawak,0,2028,2028,30-Aug
30-Aug,Selangor,0,3567,3567,30-Aug
30-Aug,Terengganu,0,544,544,30-Aug
30-Aug,Federal Territory of Kuala Lumpur,13,672,685,30-Aug
30-Aug,Federal Territory of Labuan,0,2,2,30-Aug
30-Aug,Federal Territory of Putrajaya,0,41,41,30-Aug
31-Aug,Johor,0,2159,2159,31-Aug
31-Aug,Kedah,0,1942,1942,31-Aug
31-Aug,Kelantan,0,1479,1479,31-Aug
31-Aug,Melaka,0,417,417,31-Aug
31-Aug,Negeri Sembilan,0,215,215,31-Aug
31-Aug,Pahang,0,798,798,31-Aug
31-Aug,Perak,0,1204,1204,31-Aug
31-Aug,Perlis,0,64,64,31-Aug
31-Aug,Penang,0,1732,1732,31-Aug
31-Aug,Sabah,0,2594,2594,31-Aug
31-Aug,Sarawak,0,2285,2285,31-Aug
31-Aug,Selangor,1,4371,4372,31-Aug
31-Aug,Terengganu,0,608,608,31-Aug
31-Aug,Federal Territory of Kuala Lumpur,0,1003,1003,31-Aug
31-Aug,Federal Territory of Labuan,0,1,1,31-Aug
31-Aug,Federal Territory of Putrajaya,0,25,25,31-Aug
01-Jun,All,7105,2,7107,1-Jun
02-Jun,All,7703,2,7705,2-Jun
03-Jun,All,8209,64,8273,3-Jun
04-Jun,All,7748,2,7750,4-Jun
05-Jun,All,7452,8,7460,5-Jun
06-Jun,All,6241,14,6255,6-Jun
07-Jun,All,5271,14,5285,7-Jun
08-Jun,All,5566,4,5570,8-Jun
09-Jun,All,6239,11,6250,9-Jun
10-Jun,All,5671,8,5679,10-Jun
11-Jun,All,6849,4,6853,11-Jun
12-Jun,All,5793,6,5799,12-Jun
13-Jun,All,5304,5,5309,13-Jun
14-Jun,All,4949,6,4955,14-Jun
15-Jun,All,5419,6,5425,15-Jun
16-Jun,All,5150,3,5153,16-Jun
17-Jun,All,5738,3,5741,17-Jun
18-Jun,All,6440,5,6445,18-Jun
19-Jun,All,5911,1,5912,19-Jun
20-Jun,All,5293,7,5300,20-Jun
21-Jun,All,4611,8,4619,21-Jun
22-Jun,All,4743,2,4745,22-Jun
23-Jun,All,5244,7,5251,23-Jun
24-Jun,All,5841,8,5849,24-Jun
25-Jun,All,5812,32,5844,25-Jun
26-Jun,All,5803,10,5813,26-Jun
27-Jun,All,5586,3,5589,27-Jun
28-Jun,All,5218,7,5225,28-Jun
29-Jun,All,6437,14,6451,29-Jun
30-Jun,All,6276,16,6292,30-Jun
01-Jul,All,6988,5,6993,1-Jul
02-Jul,All,6982,3,6985,2-Jul
03-Jul,All,6658,11,6669,3-Jul
04-Jul,All,6045,20,6065,4-Jul
05-Jul,All,6387,26,6413,5-Jul
06-Jul,All,7654,11,7665,6-Jul
07-Jul,All,7097,26,7123,7-Jul
08-Jul,All,8868,10,8878,8-Jul
09-Jul,All,9180,7,9187,9-Jul
10-Jul,All,9353,11,9364,10-Jul
11-Jul,All,9105,18,9123,11-Jul
12-Jul,All,8574,40,8614,12-Jul
13-Jul,All,11079,27,11106,13-Jul
14-Jul,All,11618,26,11644,14-Jul
15-Jul,All,13215,13,13228,15-Jul
16-Jul,All,12541,16,12557,16-Jul
17-Jul,All,12528,19,12547,17-Jul
18-Jul,All,10710,12,10722,18-Jul
19-Jul,All,10972,48,11020,19-Jul
20-Jul,All,12366,8,12374,20-Jul
21-Jul,All,11985,7,11992,21-Jul
22-Jul,All,13034,25,13059,22-Jul
23-Jul,All,15573,32,15605,23-Jul
24-Jul,All,15902,26,15928,24-Jul
25-Jul,All,17045,6,17051,25-Jul
26-Jul,All,14516,3,14519,26-Jul
27-Jul,All,16117,26,16143,27-Jul
28-Jul,All,17405,6,17411,28-Jul
29-Jul,All,17170,32,17202,29-Jul
30-Jul,All,16840,17,16857,30-Jul
31-Jul,All,17786,9,17795,31-Jul
01-Aug,All,17150,1,17151,1-Aug
02-Aug,All,15764,6,15770,2-Aug
03-Aug,All,17105,37,17142,3-Aug
04-Aug,All,19819,23,19842,4-Aug
05-Aug,All,20596,34,20630,5-Aug
06-Aug,All,20889,13,20902,6-Aug
07-Aug,All,19257,16,19273,7-Aug
08-Aug,All,18688,10,18698,8-Aug
09-Aug,All,17236,29,17265,9-Aug
10-Aug,All,19991,0,19991,10-Aug
11-Aug,All,20780,15,20795,11-Aug
12-Aug,All,21668,58,21726,12-Aug
13-Aug,All,21468,25,21493,13-Aug
14-Aug,All,20670,8,20678,14-Aug
15-Aug,All,20546,14,20560,15-Aug
16-Aug,All,19740,19,19759,16-Aug
17-Aug,All,19631,7,19638,17-Aug
18-Aug,All,22242,4,22246,18-Aug
19-Aug,All,22948,9,22957,19-Aug
20-Aug,All,23564,23,23587,20-Aug
21-Aug,All,22262,40,22302,21-Aug
22-Aug,All,19807,5,19812,22-Aug
23-Aug,All,17672,8,17680,23-Aug
24-Aug,All,20837,22,20859,24-Aug
25-Aug,All,22642,5,22647,25-Aug
26-Aug,All,24599,8,24607,26-Aug
27-Aug,All,22070,15,22085,27-Aug
28-Aug,All,22597,12,22609,28-Aug
29-Aug,All,20579,7,20586,29-Aug
30-Aug,All,19268,16,19284,30-Aug
31-Aug,All,20897,1,20898,31-Aug